abduction,2.76,(2.06),5.53,(2.43),3.49,(2.38),1
abortion,3.50,(2.30),5.39,(2.80),4.59,(2.54),6
absurd,4.26,(1.82),4.36,(2.20),4.73,(1.72),17
abundance,6.59,(2.01),5.51,(2.63),5.80,(2.16),13
abuse,1.80,(1.23),6.83,(2.70),3.69,(2.94),18
acceptance,7.98,(1.42),5.40,(2.70),6.64,(1.91),49
accident,2.05,(1.19),6.26,(2.87),3.76,(2.22),33
ace,6.88,(1.93),5.50,(2.66),6.39,(2.31),15
ache,2.46,(1.52),5.00,(2.45),3.54,(1.73),4
achievement,7.89,(1.38),5.53,(2.81),6.56,(2.35),65
activate,5.46,(0.98),4.86,(2.56),5.43,(1.84),2
addict,2.48,(2.08),5.66,(2.26),3.72,(2.54),1
addicted,2.51,(1.42),4.81,(2.46),3.46,(2.23),3
admired,7.74,(1.84),6.11,(2.36),7.53,(1.94),17
adorable,7.81,(1.24),5.12,(2.71),5.74,(2.48),3
adult,6.49,(1.50),4.76,(1.95),5.75,(2.21),25
advantage,6.95,(1.85),4.76,(2.18),6.36,(2.23),73
adventure,7.60,(1.50),6.98,(2.15),6.46,(1.67),14
affection,8.39,(0.86),6.21,(2.75),6.08,(2.22),18
afraid,2.00,(1.28),6.67,(2.54),3.98,(2.63),57
aggressive,5.10,(1.68),5.83,(2.33),5.59,(2.40),17
agility,6.46,(1.57),4.85,(1.80),5.87,(1.52),3
agony,2.43,(2.17),6.06,(2.67),4.02,(2.49),9
agreement,7.08,(1.59),5.02,(2.24),6.22,(1.85),106
air,6.34,(1.56),4.12,(2.30),5.10,(1.56),257
alcoholic,2.84,(2.34),5.69,(2.36),4.45,(2.56),3
alert,6.20,(1.76),6.85,(2.53),5.96,(2.24),33
alien,5.60,(1.82),5.45,(2.15),4.64,(2.07),16
alimony,3.95,(2.00),4.30,(2.29),4.63,(2.30),2
alive,7.25,(2.22),5.50,(2.74),6.39,(2.15),57
allergy,3.07,(1.64),4.64,(2.34),3.21,(1.77),1
alley,4.48,(1.97),4.91,(2.42),4.00,(1.70),8
alone,2.41,(1.77),4.83,(2.66),3.70,(2.42),195
aloof,4.90,(1.92),4.28,(2.10),4.69,(1.92),5
ambition,7.04,(1.98),5.61,(2.92),6.93,(2.07),19
ambulance,2.47,(1.50),7.33,(1.96),3.22,(2.29),6
angel,7.53,(1.58),4.83,(2.63),4.97,(2.34),18
anger,2.34,(1.32),7.63,(1.91),5.50,(2.82),48
angry,2.85,(1.70),7.17,(2.07),5.55,(2.74),45
beggar,3.22,(2.02),4.91,(2.45),4.09,(2.38),2
bench,4.61,(1.40),3.59,(2.07),4.68,(1.38),35
bereavement,4.57,(1.70),4.20,(2.15),4.33,(1.73),4
betray,1.68,(1.02),7.24,(2.06),4.92,(2.97),4
beverage,6.83,(1.48),5.21,(2.46),5.63,(2.17),5
bird,7.27,(1.36),3.17,(2.23),4.42,(2.26),31
birthday,7.84,(1.92),6.68,(2.11),5.89,(2.61),18
black,5.39,(1.80),4.61,(2.24),5.14,(1.79),203
blackmail,2.95,(1.95),6.03,(2.70),3.54,(2.67),2
bland,4.10,(1.08),3.29,(1.89),4.88,(1.27),3
blase,4.89,(1.16),3.94,(1.76),4.57,(1.44),7
blasphemy,3.75,(2.26),4.93,(2.34),4.75,(1.59),4
bless,7.19,(1.69),4.05,(2.59),5.52,(2.22),9
blind,3.05,(1.99),4.39,(2.36),3.28,(1.91),47
bliss,6.95,(2.24),4.41,(2.95),6.12,(2.15),4
blister,2.88,(1.75),4.10,(2.34),3.98,(1.90),3
blond,6.43,(2.04),5.07,(2.70),5.74,(1.67),11
bloody,2.90,(1.98),6.41,(2.00),3.96,(1.89),8
blossom,7.26,(1.18),5.03,(2.65),5.53,(2.21),7
blubber,3.52,(1.99),4.57,(2.38),3.86,(1.97),1
blue,6.76,(1.78),4.31,(2.20),5.63,(1.64),143
board,4.82,(1.23),3.36,(2.12),4.98,(1.77),239
body,5.55,(2.37),5.52,(2.63),5.34,(2.12),276
bold,6.80,(1.61),5.60,(2.21),6.67,(1.81),21
bomb,2.10,(1.19),7.15,(2.40),4.54,(2.88),36
book,5.72,(1.54),4.17,(2.49),5.30,(2.05),193
bored,2.95,(1.35),2.83,(2.31),4.11,(1.70),14
bottle,6.15,(1.49),4.79,(2.44),4.78,(1.65),76
bouquet,7.02,(1.84),5.46,(2.47),6.15,(1.80),4
bowl,5.33,(1.33),3.47,(2.12),4.69,(1.67),23
boxer,5.51,(1.80),5.12,(2.26),5.10,(1.64),1
boy,6.32,(1.60),4.58,(2.37),5.34,(2.20),242
brave,7.15,(1.64),6.15,(2.45),7.22,(1.86),24
breast,6.50,(1.78),5.37,(2.39),5.39,(2.27),11
breeze,6.85,(1.71),4.37,(2.32),5.54,(1.67),14
bride,7.34,(1.71),5.55,(2.74),5.74,(2.36),33
bright,7.50,(1.55),5.40,(2.33),6.34,(1.82),87
broken,3.05,(1.92),5.43,(2.42),4.14,(1.62),63
brother,7.11,(2.17),4.71,(2.68),5.12,(2.31),73
church,6.28,(2.31),4.34,(2.45),5.00,(2.42),348
circle,5.67,(1.26),3.86,(2.13),5.03,(1.46),60
circus,7.30,(1.84),5.97,(2.59),5.39,(2.25),7
city,6.03,(1.37),5.24,(2.53),5.74,(2.08),393
cliff,4.67,(2.08),6.25,(2.15),4.35,(2.11),11
clock,5.14,(1.54),4.02,(2.54),4.67,(1.97),20
clothing,6.54,(1.85),4.78,(2.88),5.33,(2.14),20
clouds,6.18,(2.18),3.30,(2.08),5.22,(1.66),38
clumsy,4.00,(2.22),5.18,(2.40),3.86,(1.79),6
coarse,4.55,(1.42),4.21,(1.84),5.00,(1.43),10
coast,5.98,(1.86),4.59,(2.31),5.67,(1.71),61
cockroach,2.81,(2.11),6.11,(2.78),4.74,(2.58),2
coffin,2.56,(1.96),5.03,(2.79),4.08,(2.54),7
coin,6.02,(1.96),4.29,(2.48),5.66,(1.68),10
cold,4.02,(1.99),5.19,(2.23),4.69,(1.73),171
color,7.02,(1.57),4.73,(2.64),6.17,(1.82),141
column,5.17,(0.85),3.62,(1.91),4.81,(1.58),71
comedy,8.37,(0.94),5.85,(2.81),5.44,(2.08),39
comfort,7.07,(2.14),3.93,(2.85),5.70,(2.05),43
computer,6.24,(1.61),4.75,(1.93),5.29,(1.99),13
concentrate,5.20,(1.28),4.65,(2.13),4.97,(1.75),11
confident,7.98,(1.29),6.22,(2.41),7.68,(1.94),16
confused,3.21,(1.51),6.03,(1.88),4.24,(1.91),44
consoled,5.78,(1.64),4.53,(2.22),4.44,(1.84),2
contempt,3.85,(2.13),5.28,(2.04),5.13,(1.73),15
contents,4.89,(0.89),4.32,(2.14),4.85,(1.49),16
context,5.20,(1.38),4.22,(2.24),5.17,(1.39),2
controlling,3.80,(2.25),6.10,(2.19),5.17,(3.15),23
cook,6.16,(1.89),4.44,(1.96),5.14,(1.49),47
cord,5.10,(1.09),3.54,(2.09),5.00,(1.22),6
cork,5.22,(1.13),3.80,(2.18),4.98,(1.04),9
corner,4.36,(1.21),3.91,(1.92),4.12,(1.66),115
corpse,2.18,(1.48),4.74,(2.94),3.59,(2.44),7
corridor,4.88,(1.14),3.63,(2.41),5.00,(1.48),17
corrupt,3.32,(2.32),4.67,(2.35),4.64,(2.30),8
cottage,6.45,(1.52),3.39,(2.54),5.39,(1.78),19
couple,7.41,(1.97),6.39,(2.31),6.02,(2.28),122
cow,5.57,(1.53),3.49,(2.13),5.32,(1.61),29
coward,2.74,(1.64),4.07,(2.19),2.83,(1.61),8
dentist,4.02,(2.23),5.73,(2.13),3.80,(2.16),12
depressed,1.83,(1.42),4.72,(2.95),2.74,(2.13),11
depression,1.85,(1.67),4.54,(3.19),2.91,(2.27),24
derelict,4.28,(1.84),4.10,(1.94),4.78,(1.56),1
deserter,2.45,(1.80),5.50,(2.55),3.77,(2.29),.
desire,7.69,(1.39),7.35,(1.76),6.49,(1.83),79
despairing,2.43,(1.47),5.68,(2.37),3.43,(2.11),4
despise,2.03,(1.38),6.28,(2.43),4.72,(2.80),7
destroy,2.64,(2.03),6.83,(2.38),4.94,(2.86),48
destruction,3.16,(2.44),5.82,(2.71),3.93,(2.29),38
detached,3.86,(1.88),4.26,(2.57),3.63,(2.15),12
detail,5.55,(1.58),4.10,(2.24),5.21,(1.60),72
detest,2.17,(1.30),6.06,(2.39),5.83,(2.60),1
devil,2.21,(1.99),6.07,(2.61),5.35,(2.75),25
devoted,7.41,(1.37),5.23,(2.21),6.18,(2.36),51
diamond,7.92,(1.20),5.53,(2.96),5.54,(2.28),8
dignified,7.10,(1.26),4.12,(2.29),6.12,(2.40),7
dinner,7.16,(1.50),5.43,(2.14),6.10,(1.87),91
diploma,8.00,(1.39),5.67,(2.80),6.76,(2.50),.
dirt,4.17,(1.77),3.76,(2.26),4.83,(1.82),43
dirty,3.08,(2.05),4.88,(2.29),4.70,(2.12),36
disappoint,2.39,(1.44),4.92,(2.64),3.29,(2.32),.
disaster,1.73,(1.13),6.33,(2.70),3.52,(2.42),26
discomfort,2.19,(1.23),4.17,(2.44),3.86,(2.26),7
discouraged,3.00,(2.16),4.53,(2.11),3.61,(2.01),15
disdainful,3.68,(1.90),5.04,(2.14),4.55,(1.92),2
disgusted,2.45,(1.41),5.42,(2.59),4.34,(1.94),6
disloyal,1.93,(1.61),6.56,(2.21),3.79,(2.75),2
displeased,2.79,(2.23),5.64,(2.48),4.19,(2.19),7
distressed,1.94,(1.10),6.40,(2.38),3.76,(2.41),4
disturb,3.66,(2.00),5.80,(2.39),4.55,(1.90),10
diver,6.45,(1.55),5.04,(2.10),5.04,(1.91),1
divorce,2.22,(1.88),6.33,(2.71),3.26,(2.24),29
doctor,5.20,(2.54),5.86,(2.70),4.89,(2.75),100
dog,7.57,(1.66),5.76,(2.50),6.25,(2.10),75
doll,6.09,(1.96),4.24,(2.43),4.61,(2.07),10
dollar,7.47,(1.72),6.07,(2.67),6.33,(2.42),46
door,5.13,(1.44),3.80,(2.29),4.69,(1.72),312
dove,6.90,(1.54),3.79,(2.28),5.48,(1.70),4
fall,4.09,(2.21),4.70,(2.48),4.00,(2.15),147
FALSE,3.27,(1.40),3.43,(2.09),4.10,(1.56),29
fame,7.93,(1.29),6.55,(2.46),6.85,(2.14),18
family,7.65,(1.55),4.80,(2.71),6.00,(1.87),331
famous,6.98,(2.07),5.73,(2.68),6.32,(2.18),89
fantasy,7.41,(1.90),5.14,(2.82),6.43,(2.05),14
farm,5.53,(1.85),3.90,(1.95),5.59,(1.81),125
fascinate,7.34,(1.68),5.83,(2.73),6.15,(1.89),3
fat,2.28,(1.92),4.81,(2.80),4.47,(3.06),60
father,7.08,(2.20),5.92,(2.60),5.63,(2.89),383
fatigued,3.28,(1.43),2.64,(2.19),3.78,(1.97),3
fault,3.43,(1.38),4.07,(1.69),4.02,(1.66),22
favor,6.46,(1.52),4.54,(1.86),5.67,(1.76),78
fear,2.76,(2.12),6.96,(2.17),3.22,(2.20),127
fearful,2.25,(1.18),6.33,(2.28),3.64,(2.18),13
feeble,3.26,(1.47),4.10,(2.07),2.71,(1.64),8
festive,7.30,(2.26),6.58,(2.29),5.77,(2.34),2
fever,2.76,(1.64),4.29,(2.31),3.52,(2.15),19
field,6.20,(1.37),4.08,(2.41),5.84,(1.94),274
fight,3.76,(2.63),7.15,(2.19),5.27,(2.69),98
filth,2.47,(1.68),5.12,(2.32),3.81,(2.06),2
finger,5.29,(1.42),3.78,(2.42),5.05,(1.70),40
fire,3.22,(2.06),7.17,(2.06),4.49,(2.49),187
fireworks,7.55,(1.50),6.67,(2.12),5.51,(1.98),5
fish,6.04,(1.94),4.00,(2.19),6.02,(1.68),35
flabby,2.66,(1.87),4.82,(2.81),3.31,(1.90),.
flag,6.02,(1.66),4.60,(2.35),5.50,(1.66),16
flirt,7.52,(1.19),6.91,(1.69),6.24,(2.33),1
flood,3.19,(1.66),6.00,(2.02),3.24,(2.14),19
flower,6.64,(1.78),4.00,(2.44),4.98,(2.17),23
foam,6.07,(2.03),5.26,(2.54),5.24,(1.97),37
food,7.65,(1.37),5.92,(2.11),6.18,(2.48),147
foot,5.02,(0.93),3.27,(1.98),4.98,(1.42),70
fork,5.29,(0.97),3.96,(1.94),5.74,(1.52),14
foul,2.81,(1.52),4.93,(2.23),4.51,(1.89),4
fragrance,6.07,(1.97),4.79,(2.54),5.14,(1.91),6
fraud,2.67,(1.66),5.75,(2.45),3.58,(2.50),8
free,8.26,(1.31),5.15,(3.04),6.35,(2.40),260
freedom,7.58,(2.04),5.52,(2.72),6.76,(2.29),128
grin,7.40,(1.87),5.27,(2.64),6.00,(1.86),13
gripe,3.14,(1.56),5.00,(2.19),4.67,(1.79),.
guillotine,2.48,(2.11),6.56,(2.54),4.64,(2.63),.
guilty,2.63,(1.98),6.04,(2.76),3.09,(2.22),29
gun,3.47,(2.48),7.02,(1.84),3.53,(2.72),118
gymnast,6.35,(1.79),5.02,(2.20),5.31,(1.79),1
habit,4.11,(1.77),3.95,(2.11),4.30,(1.79),23
hairdryer,4.84,(0.84),3.71,(1.75),5.57,(1.27),.
hairpin,5.26,(1.45),3.27,(2.41),5.05,(1.32),1
hamburger,6.27,(1.50),4.55,(2.14),5.32,(1.21),6
hammer,4.88,(1.16),4.58,(2.02),4.75,(1.88),9
hand,5.95,(1.38),4.40,(2.07),5.35,(1.49),431
handicap,3.29,(1.69),3.81,(2.27),4.00,(2.24),6
handsome,7.93,(1.47),5.95,(2.73),5.19,(2.22),40
haphazard,4.02,(1.41),4.07,(2.18),4.29,(1.67),2
happy,8.21,(1.82),6.49,(2.77),6.63,(2.43),98
hard,5.22,(1.82),5.12,(2.19),5.59,(1.63),202
hardship,2.45,(1.61),4.76,(2.55),4.22,(2.40),9
hat,5.46,(1.36),4.10,(2.00),5.39,(1.43),56
hate,2.12,(1.72),6.95,(2.56),5.05,(2.95),42
hatred,1.98,(1.92),6.66,(2.56),4.30,(2.76),20
hawk,5.88,(1.62),4.39,(2.29),5.50,(1.69),14
hay,5.24,(1.24),3.95,(2.58),5.37,(1.64),19
headache,2.02,(1.06),5.07,(2.74),3.60,(1.98),5
headlight,5.24,(1.51),3.81,(2.22),4.88,(1.47),.
heal,7.09,(1.46),4.77,(2.23),5.79,(1.80),2
health,6.81,(1.88),5.13,(2.35),5.83,(1.91),105
heart,7.39,(1.53),6.34,(2.25),5.49,(2.11),173
heaven,7.30,(2.39),5.61,(3.20),6.15,(2.56),43
hell,2.24,(1.62),5.38,(2.62),3.24,(2.36),95
helpless,2.20,(1.42),5.34,(2.52),2.27,(1.83),21
heroin,4.36,(2.73),5.11,(2.72),4.80,(2.54),2
hide,4.32,(1.91),5.28,(2.51),3.40,(2.12),22
highway,5.92,(1.72),5.16,(2.44),5.66,(1.81),40
hinder,3.81,(1.42),4.12,(2.01),4.21,(1.54),.
history,5.24,(2.01),3.93,(2.29),4.83,(2.08),286
hit,4.33,(2.35),5.73,(2.09),4.88,(2.01),115
holiday,7.55,(2.14),6.59,(2.73),6.30,(2.17),17
home,7.91,(1.63),4.21,(2.94),5.90,(2.30),547
infant,6.95,(2.08),5.05,(2.66),5.67,(2.48),11
infatuation,6.73,(2.08),7.02,(1.87),4.90,(2.28),4
infection,1.66,(1.34),5.03,(2.77),3.61,(2.64),8
inferior,3.07,(1.57),3.83,(2.05),2.78,(2.08),7
inhabitant,5.05,(1.34),3.95,(1.97),5.37,(1.43),.
injury,2.49,(1.76),5.69,(2.06),3.57,(1.62),27
ink,5.05,(0.81),3.84,(1.88),4.61,(2.13),7
innocent,6.51,(1.34),4.21,(1.99),5.28,(2.08),37
insane,2.85,(1.94),5.83,(2.45),4.12,(2.23),13
insect,4.07,(2.16),4.07,(2.46),4.56,(2.47),14
insecure,2.36,(1.33),5.56,(2.34),2.33,(1.95),3
insolent,4.35,(1.76),5.38,(2.37),4.50,(2.06),2
inspire,6.97,(1.91),5.00,(2.53),6.34,(2.11),3
inspired,7.15,(1.85),6.02,(2.67),6.67,(2.31),25
insult,2.29,(1.33),6.00,(2.46),3.62,(2.05),7
intellect,6.82,(1.96),4.75,(2.50),6.30,(1.98),5
intercourse,7.36,(1.57),7.00,(2.07),6.40,(1.78),9
interest,6.97,(1.53),5.66,(2.26),5.88,(1.78),330
intimate,7.61,(1.51),6.98,(2.21),5.86,(2.29),21
intruder,2.77,(2.32),6.86,(2.41),4.00,(2.68),1
invader,3.05,(2.01),5.50,(2.40),4.00,(2.60),1
invest,5.93,(2.10),5.12,(2.42),5.88,(1.95),3
iron,4.90,(1.02),3.76,(2.06),5.10,(1.27),43
irritate,3.11,(1.67),5.76,(2.15),5.03,(2.05),.
item,5.26,(0.86),3.24,(2.08),5.26,(1.67),54
jail,1.95,(1.27),5.49,(2.67),3.81,(2.71),21
jealousy,2.51,(1.83),6.36,(2.66),3.80,(2.41),4
jelly,5.66,(1.44),3.70,(2.29),4.53,(1.77),3
jewel,7.00,(1.72),5.38,(2.54),5.59,(2.19),1
joke,8.10,(1.36),6.74,(1.84),6.15,(1.86),22
jolly,7.41,(1.92),5.57,(2.80),6.39,(1.72),4
journal,5.14,(1.49),4.05,(1.96),5.26,(1.42),42
joy,8.60,(0.71),7.22,(2.13),6.28,(2.15),40
joyful,8.22,(1.22),5.98,(2.54),6.60,(1.80),1
jug,5.24,(1.65),3.88,(2.15),5.05,(1.62),6
justice,7.78,(1.35),5.47,(2.54),6.47,(2.26),114
kerchief,5.11,(1.33),3.43,(2.08),5.25,(1.28),1
kerosene,4.80,(1.59),4.34,(2.51),4.63,(1.99),6
ketchup,5.60,(1.35),4.09,(2.08),5.29,(1.81),1
lively,7.20,(1.97),5.53,(2.90),6.09,(1.95),26
locker,5.19,(1.31),3.38,(2.13),5.36,(1.87),9
loneliness,1.61,(1.02),4.56,(2.97),2.51,(2.27),9
lonely,2.17,(1.76),4.51,(2.68),2.95,(2.12),25
loser,2.25,(1.48),4.95,(2.57),3.02,(2.17),1
lost,2.82,(1.83),5.82,(2.62),2.86,(1.64),173
lottery,6.57,(2.04),5.36,(2.45),4.81,(2.11),1
louse,2.81,(1.92),4.98,(2.03),3.57,(2.26),3
love,8.72,(0.70),6.44,(3.35),7.11,(2.56),232
loved,8.64,(0.71),6.38,(2.68),6.62,(2.53),56
loyal,7.55,(1.90),5.16,(2.42),6.91,(2.23),18
lucky,8.17,(1.06),6.53,(2.34),6.05,(2.25),21
lump,4.16,(2.34),4.80,(2.82),4.32,(2.18),7
luscious,7.50,(1.08),5.34,(2.51),5.68,(1.84),2
lust,7.12,(1.62),6.88,(1.85),5.49,(2.27),5
luxury,7.88,(1.49),4.75,(2.91),6.40,(2.45),21
machine,5.09,(1.67),3.82,(2.40),5.23,(2.06),103
mad,2.44,(1.72),6.76,(2.26),5.86,(2.20),39
madman,3.91,(2.49),5.56,(2.78),4.79,(2.55),2
maggot,2.06,(1.47),5.28,(2.96),4.03,(2.09),2
magical,7.46,(1.64),5.95,(2.36),5.73,(2.19),12
mail,6.88,(1.74),5.63,(2.36),5.67,(1.79),47
malaria,2.40,(1.38),4.40,(2.54),3.22,(1.90),3
malice,2.69,(1.84),5.86,(2.75),4.74,(2.72),2
man,6.73,(1.70),5.24,(2.31),5.53,(2.23),1207
mangle,3.90,(2.01),5.44,(2.10),4.61,(1.84),.
maniac,3.76,(2.00),5.39,(2.46),4.22,(2.07),4
manner,5.64,(1.34),4.56,(1.78),5.05,(1.83),124
mantel,4.93,(1.40),3.27,(2.23),4.95,(1.61),3
manure,3.10,(1.74),4.17,(2.09),4.67,(1.36),6
market,5.66,(1.02),4.12,(1.83),5.27,(1.40),155
massacre,2.28,(1.74),5.33,(2.63),3.50,(2.26),1
masterful,7.09,(1.78),5.20,(2.85),7.18,(2.56),2
masturbate,5.45,(2.02),5.67,(2.18),5.63,(2.25),.
material,5.26,(1.29),4.05,(2.34),5.12,(1.45),174
measles,2.74,(1.97),5.06,(2.44),4.13,(2.16),2
medicine,5.67,(2.06),4.40,(2.36),4.70,(1.91),30
meek,3.87,(1.69),3.80,(2.13),3.67,(2.23),10
melody,7.07,(1.79),4.98,(2.52),5.46,(1.78),21
mutilate,1.82,(1.45),6.41,(2.94),3.41,(2.71),3
mystic,6.00,(2.21),4.84,(2.57),5.52,(1.93),3
naked,6.34,(2.42),5.80,(2.80),6.00,(2.05),32
name,5.55,(2.24),4.25,(2.47),5.16,(2.08),294
narcotic,4.29,(2.30),4.93,(2.57),4.44,(2.43),2
nasty,3.58,(2.38),4.89,(2.50),5.00,(2.17),5
natural,6.59,(1.57),4.09,(2.37),5.57,(1.69),156
nature,7.65,(1.37),4.37,(2.51),4.95,(2.72),191
nectar,6.90,(1.53),3.89,(2.48),4.54,(2.06),3
needle,3.82,(1.73),5.36,(2.89),3.95,(2.17),15
neglect,2.63,(1.64),4.83,(2.31),3.85,(2.29),12
nervous,3.29,(1.47),6.59,(2.07),3.56,(1.73),24
neurotic,4.45,(2.23),5.13,(2.76),4.41,(2.05),10
news,5.30,(1.67),5.17,(2.11),4.60,(1.88),102
nice,6.55,(2.44),4.38,(2.69),5.58,(2.20),75
nightmare,1.91,(1.54),7.59,(2.23),3.68,(2.76),9
nipple,6.27,(1.81),5.56,(2.55),5.57,(2.00),.
noisy,5.02,(2.02),6.38,(1.78),4.93,(1.76),6
nonchalant,4.74,(1.11),3.12,(1.93),4.31,(1.54),1
nonsense,4.61,(1.63),4.17,(2.02),4.90,(1.55),13
noose,3.76,(1.64),4.39,(2.08),4.17,(1.92),3
nourish,6.46,(1.69),4.29,(2.51),5.80,(1.62),.
nude,6.82,(1.63),6.41,(2.09),5.96,(2.29),20
nuisance,3.27,(1.86),4.49,(2.69),4.36,(1.73),5
nun,4.93,(1.89),2.93,(1.80),4.93,(1.69),2
nurse,6.08,(2.08),4.84,(2.04),4.84,(2.20),17
nursery,5.73,(2.30),4.04,(2.74),5.18,(2.23),13
obesity,2.73,(1.85),3.87,(2.82),3.74,(2.45),5
obey,4.52,(1.88),4.23,(1.72),4.26,(2.40),8
obnoxious,3.50,(2.18),4.74,(2.42),5.39,(2.20),5
obscene,4.23,(2.30),5.04,(2.30),4.48,(1.91),2
obsession,4.52,(2.13),6.41,(2.13),4.77,(2.38),5
ocean,7.12,(1.72),4.95,(2.79),5.53,(2.75),34
odd,4.82,(2.04),4.27,(2.46),4.77,(1.89),44
offend,2.76,(1.50),5.56,(2.06),3.73,(2.03),4
office,5.24,(1.59),4.08,(1.92),5.59,(1.89),255
opinion,6.28,(1.45),4.89,(2.46),5.53,(1.93),96
optimism,6.95,(2.24),5.34,(2.58),6.61,(2.06),15
option,6.49,(1.31),4.74,(2.23),6.34,(1.80),5
pig,5.07,(1.97),4.20,(2.42),5.34,(1.88),8
pillow,7.92,(1.40),2.97,(2.52),4.56,(2.17),8
pinch,3.83,(1.70),4.59,(2.10),4.76,(1.73),6
pistol,4.20,(2.58),6.15,(2.19),5.05,(2.77),27
pity,3.37,(1.57),3.72,(2.02),4.12,(1.82),14
pizza,6.65,(2.23),5.24,(2.09),5.69,(1.90),3
plain,4.39,(1.46),3.52,(2.05),4.71,(1.68),48
plane,6.43,(1.98),6.14,(2.39),4.78,(2.19),114
plant,5.98,(1.83),3.62,(2.25),4.71,(2.12),125
pleasure,8.28,(0.92),5.74,(2.81),6.15,(2.31),62
poetry,5.86,(1.91),4.00,(2.85),5.31,(1.81),88
poison,1.98,(1.44),6.05,(2.82),3.10,(2.44),10
politeness,7.18,(1.50),3.74,(2.37),5.74,(1.70),5
pollute,1.85,(1.11),6.08,(2.42),4.92,(2.51),1
poster,5.34,(1.75),3.93,(2.56),4.91,(1.87),4
poverty,1.67,(0.90),4.87,(2.66),3.21,(2.21),20
power,6.54,(2.21),6.67,(1.87),7.28,(2.35),342
powerful,6.84,(1.80),5.83,(2.69),7.19,(2.52),63
prairie,5.75,(1.43),3.41,(2.17),4.62,(2.13),21
present,6.95,(1.85),5.12,(2.39),5.83,(1.78),377
pressure,3.38,(1.61),6.07,(2.26),3.45,(2.07),185
prestige,7.26,(1.90),5.86,(2.08),6.90,(1.96),29
pretty,7.75,(1.26),6.03,(2.22),5.50,(1.97),107
prick,3.98,(1.73),4.70,(2.59),4.47,(1.88),2
pride,7.00,(2.11),5.83,(2.48),7.06,(2.15),42
priest,6.42,(2.00),4.41,(2.71),4.88,(2.07),16
prison,2.05,(1.34),5.70,(2.56),4.20,(2.58),42
privacy,5.88,(1.50),4.12,(1.83),5.66,(1.78),12
profit,7.63,(1.30),6.68,(1.78),5.85,(2.47),28
progress,7.73,(1.34),6.02,(2.58),6.76,(2.05),120
promotion,8.20,(1.15),6.44,(2.58),6.79,(2.28),26
protected,7.29,(1.79),4.09,(2.77),5.80,(2.54),31
proud,8.03,(1.56),5.56,(3.01),6.74,(2.73),50
pungent,3.95,(2.09),4.24,(2.17),4.78,(1.52),4
punishment,2.22,(1.41),5.93,(2.40),3.50,(2.43),21
puppy,7.56,(1.90),5.85,(2.78),5.51,(2.39),2
pus,2.86,(1.91),4.82,(2.06),4.35,(1.82),.
putrid,2.38,(1.71),5.74,(2.26),4.89,(2.09),.
python,4.05,(2.48),6.18,(2.25),4.52,(2.56),14
rifle,4.02,(2.76),6.35,(2.04),4.16,(2.71),63
rigid,3.66,(2.12),4.66,(2.47),4.61,(2.04),24
riot,2.96,(1.93),6.39,(2.63),4.18,(2.47),7
river,6.85,(1.69),4.51,(2.42),5.10,(1.86),165
roach,2.35,(1.70),6.64,(2.64),4.82,(2.94),2
robber,2.61,(1.69),5.62,(2.72),3.62,(2.38),2
rock,5.56,(1.38),4.52,(2.37),5.15,(2.01),75
rollercoaster,8.02,(1.63),8.06,(1.71),5.10,(2.76),.
romantic,8.32,(1.00),7.59,(2.07),6.08,(2.29),32
rotten,2.26,(1.37),4.53,(2.38),4.32,(2.09),2
rough,4.74,(2.00),5.33,(2.04),4.81,(1.70),41
rude,2.50,(2.11),6.31,(2.47),4.91,(2.49),6
runner,5.67,(1.91),4.76,(2.40),5.47,(1.84),1
rusty,3.86,(1.47),3.77,(2.16),4.53,(1.62),8
sad,1.61,(0.95),4.13,(2.38),3.45,(2.18),35
safe,7.07,(1.90),3.86,(2.72),5.81,(2.06),58
sailboat,7.25,(1.71),4.88,(2.73),5.86,(1.71),1
saint,6.49,(1.70),4.49,(1.90),5.37,(2.11),16
salad,5.74,(1.62),3.81,(2.29),5.47,(1.68),9
salute,5.92,(1.57),5.31,(2.23),5.46,(2.05),3
sapphire,7.00,(1.88),5.00,(2.72),5.55,(2.24),.
satisfied,7.94,(1.19),4.94,(2.63),6.14,(2.37),36
save,6.45,(1.93),4.95,(2.19),6.00,(1.79),62
savior,7.73,(1.56),5.80,(3.01),6.64,(2.18),6
scalding,2.82,(2.12),5.95,(2.55),3.82,(2.30),1
scandal,3.32,(1.81),5.12,(2.22),4.34,(1.73),8
scapegoat,3.67,(1.65),4.53,(2.13),3.52,(1.70),1
scar,3.38,(1.70),4.79,(2.11),3.88,(1.71),10
scared,2.78,(1.99),6.82,(2.03),2.94,(2.19),21
scholar,7.26,(1.42),5.12,(2.46),6.59,(2.02),15
scissors,5.05,(0.96),4.47,(1.76),5.16,(1.84),1
scorching,3.76,(1.83),5.00,(2.74),4.10,(2.01),.
scorn,2.84,(2.07),5.48,(2.52),3.93,(2.64),4
scornful,3.02,(2.03),5.04,(2.56),4.59,(2.18),5
scorpion,3.69,(2.63),5.38,(3.08),3.98,(2.44),.
scream,3.88,(2.07),7.04,(1.96),4.75,(2.21),13
scum,2.43,(1.56),4.88,(2.36),4.26,(1.99),.
scurvy,3.19,(2.00),4.71,(2.72),4.48,(2.48),1
seasick,2.05,(1.20),5.80,(2.88),3.41,(2.39),.
snob,3.36,(1.81),5.65,(2.36),5.11,(2.25),1
snow,7.08,(1.83),5.75,(2.47),5.80,(1.97),59
snuggle,7.92,(1.24),4.16,(2.80),5.66,(2.47),4
social,6.88,(1.82),4.98,(2.59),5.91,(2.07),380
soft,7.12,(1.34),4.63,(2.61),6.00,(1.80),61
solemn,4.32,(1.51),3.56,(1.95),4.61,(1.87),12
song,7.10,(1.97),6.07,(2.42),5.85,(2.12),70
soothe,7.30,(1.85),4.40,(3.08),5.36,(2.24),2
sour,3.93,(1.98),5.10,(1.95),4.64,(1.50),3
space,6.78,(1.66),5.14,(2.54),5.20,(2.44),184
spanking,3.55,(2.54),5.41,(2.73),3.91,(2.51),.
sphere,5.33,(0.87),3.88,(1.99),5.00,(0.92),22
spider,3.33,(1.72),5.71,(2.21),4.75,(2.11),2
spirit,7.00,(1.32),5.56,(2.62),5.82,(2.42),182
spouse,7.58,(1.48),5.21,(2.75),5.53,(1.97),3
spray,5.45,(1.63),4.14,(2.28),5.12,(1.43),16
spring,7.76,(1.51),5.67,(2.51),6.26,(1.98),127
square,4.74,(1.02),3.18,(1.76),4.51,(1.45),143
stagnant,4.15,(1.57),3.93,(1.94),4.71,(1.36),5
star,7.27,(1.66),5.83,(2.44),4.68,(2.15),25
startled,4.50,(1.67),6.93,(2.24),4.48,(1.57),21
starving,2.39,(1.82),5.61,(2.53),3.63,(2.10),6
statue,5.17,(0.70),3.46,(1.72),4.95,(1.40),17
stench,2.19,(1.37),4.36,(2.46),4.29,(1.91),1
stiff,4.68,(1.97),4.02,(2.41),4.93,(2.04),21
stink,3.00,(1.79),4.26,(2.10),4.16,(1.98),3
stomach,4.82,(2.06),3.93,(2.49),4.68,(1.85),37
stool,4.56,(1.72),4.00,(2.14),4.98,(1.85),8
storm,4.95,(2.22),5.71,(2.34),4.54,(2.04),26
stove,4.98,(1.69),4.51,(2.14),5.36,(1.87),15
street,5.22,(0.72),3.39,(1.87),4.81,(1.21),244
stress,2.09,(1.41),7.45,(2.38),3.93,(2.75),107
strong,7.11,(1.48),5.92,(2.28),6.92,(2.43),202
stupid,2.31,(1.37),4.72,(2.71),2.98,(2.18),24
subdued,4.67,(1.31),2.90,(1.81),4.08,(1.56),8
success,8.29,(0.93),6.11,(2.65),6.89,(2.40),93
suffocate,1.56,(0.96),6.03,(3.19),3.44,(2.81),1
sugar,6.74,(1.73),5.64,(2.18),5.50,(1.50),34
suicide,1.25,(0.69),5.73,(3.14),3.58,(3.02),17
tobacco,3.28,(2.16),4.83,(2.90),4.08,(2.27),19
tomb,2.94,(1.88),4.73,(2.72),3.72,(2.05),11
tool,5.19,(1.27),4.33,(1.78),5.67,(1.62),40
toothache,1.98,(1.15),5.55,(2.51),3.90,(1.85),.
tornado,2.55,(1.78),6.83,(2.49),4.30,(2.42),1
torture,1.56,(0.79),6.10,(2.77),3.33,(2.37),3
tower,5.46,(1.75),3.95,(2.28),5.78,(2.14),13
toxic,2.10,(1.48),6.40,(2.41),4.42,(2.51),3
toy,7.00,(2.01),5.11,(2.84),6.09,(1.84),4
tragedy,1.78,(1.31),6.24,(2.64),3.50,(2.34),49
traitor,2.22,(1.69),5.78,(2.47),4.61,(2.71),2
trash,2.67,(1.45),4.16,(2.16),5.24,(1.85),2
trauma,2.10,(1.49),6.33,(2.45),2.84,(1.87),1
travel,7.10,(2.00),6.21,(2.51),6.31,(2.08),61
treasure,8.27,(0.90),6.75,(2.30),6.36,(2.42),4
treat,7.36,(1.38),5.62,(2.25),5.78,(1.82),26
tree,6.32,(1.56),3.42,(2.21),5.08,(2.29),59
triumph,7.80,(1.83),5.78,(2.60),6.98,(2.20),22
triumphant,8.82,(0.73),6.78,(2.58),6.95,(2.55),5
trophy,7.78,(1.22),5.39,(2.44),6.44,(2.32),8
trouble,3.03,(2.09),6.85,(2.03),4.85,(2.39),134
troubled,2.17,(1.21),5.94,(2.36),3.91,(2.33),31
truck,5.47,(1.88),4.84,(2.17),5.33,(1.83),57
trumpet,5.75,(1.38),4.97,(2.13),4.57,(1.72),7
trunk,5.09,(1.57),4.18,(2.19),5.14,(1.90),8
trust,6.68,(2.71),5.30,(2.66),6.61,(2.04),52
truth,7.80,(1.29),5.00,(2.77),6.47,(2.11),126
tumor,2.36,(2.04),6.51,(2.85),3.58,(2.42),17
tune,6.93,(1.47),4.71,(2.09),5.74,(1.82),10
twilight,7.23,(1.80),4.70,(2.41),5.59,(1.82),4
ugly,2.43,(1.27),5.38,(2.23),4.26,(2.33),21
ulcer,1.78,(1.17),6.12,(2.68),4.17,(2.22),5
umbrella,5.16,(1.57),3.68,(1.99),5.42,(1.91),8
unfaithful,2.05,(1.55),6.20,(2.70),3.02,(2.54),1
unhappy,1.57,(0.96),4.18,(2.50),3.34,(2.35),26
unit,5.59,(1.87),3.75,(2.49),5.11,(1.74),103
untroubled,7.62,(1.41),3.89,(2.54),5.53,(2.54),.
upset,2.00,(1.18),5.86,(2.40),4.08,(2.31),14
urine,3.25,(1.71),4.20,(2.18),5.24,(1.86),1
wicked,2.96,(2.37),6.09,(2.44),4.36,(2.65),9
wife,6.33,(1.97),4.93,(2.22),5.57,(1.68),228
win,8.38,(0.92),7.72,(2.16),7.39,(2.36),55
windmill,5.60,(1.65),3.74,(2.13),5.24,(1.04),1
window,5.91,(1.38),3.97,(2.01),4.91,(1.60),119
wine,5.95,(2.19),4.78,(2.34),5.31,(2.15),72
wink,6.93,(1.83),5.44,(2.68),5.70,(1.77),7
wise,7.52,(1.23),3.91,(2.64),6.70,(2.39),36
wish,7.09,(2.00),5.16,(2.62),5.28,(2.09),110
wit,7.32,(1.90),5.42,(2.44),6.38,(2.01),20
woman,6.64,(1.76),5.32,(2.59),6.33,(1.52),224
wonder,6.03,(1.58),5.00,(2.23),5.32,(2.17),67
anguished,2.12,(1.56),5.33,(2.69),3.45,(2.37),2
ankle,5.27,(1.54),4.16,(2.03),4.77,(1.74),8
annoy,2.74,(1.81),6.49,(2.17),5.09,(2.04),2
answer,6.63,(1.68),5.41,(2.43),5.85,(1.88),152
anxious,4.81,(1.98),6.92,(1.81),5.33,(1.82),29
applause,7.50,(1.50),5.80,(2.79),6.48,(2.11),14
appliance,5.10,(1.21),4.05,(2.06),5.05,(1.34),5
arm,5.34,(1.82),3.59,(2.40),5.07,(1.50),94
army,4.72,(1.75),5.03,(2.03),5.03,(2.45),132
aroused,7.97,(1.00),6.63,(2.70),6.14,(1.97),20
arrogant,3.69,(2.40),5.65,(2.23),5.14,(2.71),2
art,6.68,(2.10),4.86,(2.88),5.30,(2.33),208
assassin,3.09,(2.09),6.28,(2.53),4.33,(2.68),6
assault,2.03,(1.55),7.51,(2.28),3.94,(3.10),15
astonished,6.56,(1.61),6.58,(2.22),5.16,(1.79),6
astronaut,6.66,(1.60),5.28,(2.11),5.20,(1.95),2
athletics,6.61,(2.08),6.10,(2.29),6.12,(2.12),9
autumn,6.30,(2.14),4.51,(2.50),5.15,(1.85),22
avalanche,3.29,(1.95),5.54,(2.37),3.61,(2.00),1
avenue,5.50,(1.37),4.12,(2.01),5.40,(1.53),46
awed,6.70,(1.38),5.74,(2.31),5.30,(2.03),5
baby,8.22,(1.20),5.53,(2.80),5.00,(2.80),62
bake,6.17,(1.71),5.10,(2.30),5.49,(1.88),12
bandage,4.54,(1.75),3.90,(2.07),4.52,(1.89),4
bankrupt,2.00,(1.31),6.21,(2.79),3.27,(2.39),5
banner,5.40,(0.83),3.83,(1.95),4.80,(1.57),8
bar,6.42,(2.05),5.00,(2.83),5.47,(1.94),82
barrel,5.05,(1.46),3.36,(2.28),4.89,(1.57),24
basket,5.45,(1.15),3.63,(2.02),5.76,(1.45),17
bastard,3.36,(2.16),6.07,(2.15),4.17,(2.40),12
bath,7.33,(1.45),4.16,(2.31),6.41,(1.87),26
bathroom,5.55,(1.36),3.88,(1.72),5.65,(1.59),18
bathtub,6.69,(1.57),4.36,(2.59),5.76,(1.76),4
beach,8.03,(1.59),5.53,(3.07),5.44,(2.52),61
beast,4.23,(2.41),5.57,(2.61),4.89,(2.29),7
beautiful,7.60,(1.64),6.17,(2.34),6.29,(1.81),127
beauty,7.82,(1.16),4.95,(2.57),5.53,(2.10),71
bed,7.51,(1.38),3.61,(2.56),6.88,(1.78),127
bees,3.20,(2.07),6.51,(2.14),4.16,(2.11),15
brutal,2.80,(1.90),6.60,(2.36),4.59,(2.70),7
building,5.29,(1.15),3.92,(1.94),5.25,(1.57),160
bullet,3.29,(2.06),5.33,(2.48),3.90,(2.61),28
bunny,7.24,(1.32),4.06,(2.61),4.97,(2.18),1
burdened,2.50,(1.32),5.63,(2.07),5.03,(2.35),4
burial,2.05,(1.41),5.08,(2.40),3.55,(1.95),11
burn,2.73,(1.72),6.22,(1.91),4.22,(1.83),15
bus,4.51,(1.57),3.55,(1.80),4.84,(1.75),34
busybody,5.17,(2.02),4.84,(2.41),5.45,(1.97),.
butter,5.33,(1.20),3.17,(1.84),4.67,(1.69),27
butterfly,7.17,(1.20),3.47,(2.39),4.65,(2.27),2
cabinet,5.05,(0.31),3.43,(1.85),4.73,(1.66),17
cake,7.26,(1.27),5.00,(2.37),5.16,(2.05),9
cancer,1.50,(0.85),6.42,(2.83),3.42,(2.99),25
candy,6.54,(2.09),4.58,(2.40),5.33,(1.91),16
cane,4.00,(1.80),4.20,(1.93),4.27,(1.95),12
cannon,4.90,(2.20),4.71,(2.84),5.17,(2.29),7
capable,7.16,(1.39),5.08,(2.07),6.47,(1.94),66
car,7.73,(1.63),6.24,(2.04),6.98,(2.06),274
carcass,3.34,(1.92),4.83,(2.07),4.90,(1.79),7
carefree,7.54,(1.38),4.17,(2.84),5.78,(2.50),9
caress,7.84,(1.16),5.14,(3.00),5.83,(2.13),1
cash,8.37,(1.00),7.37,(2.21),6.96,(2.39),36
casino,6.81,(1.66),6.51,(2.12),5.12,(2.15),2
cat,5.72,(2.43),4.38,(2.24),6.16,(2.05),.
cell,3.82,(1.70),4.08,(2.19),4.12,(2.13),65
cellar,4.32,(1.68),4.39,(2.33),4.66,(1.61),26
cemetery,2.63,(1.40),4.82,(2.66),4.27,(2.14),15
chair,5.08,(0.98),3.15,(1.77),4.56,(1.60),66
champ,7.18,(1.97),6.00,(2.43),6.77,(2.00),1
champion,8.44,(0.90),5.85,(3.15),6.50,(2.85),23
chance,6.02,(1.77),5.38,(2.58),4.64,(1.93),131
chaos,4.17,(2.36),6.67,(2.06),3.86,(1.95),17
charm,6.77,(1.58),5.16,(2.25),5.57,(2.25),26
cheer,8.10,(1.17),6.12,(2.45),6.00,(2.06),8
child,7.08,(1.98),5.55,(2.29),5.10,(2.30),213
chin,5.29,(1.27),3.31,(1.98),5.26,(1.48),27
chocolate,6.88,(1.89),5.29,(2.55),5.18,(1.97),9
christmas,7.80,(1.55),6.27,(2.56),5.37,(2.09),27
cozy,7.39,(1.53),3.32,(2.28),4.89,(2.28),1
crash,2.31,(1.44),6.95,(2.44),3.44,(2.21),20
crime,2.89,(2.06),5.41,(2.69),4.12,(2.24),34
criminal,2.93,(1.66),4.79,(2.51),3.34,(1.73),24
crisis,2.74,(2.23),5.44,(3.07),3.60,(2.47),82
crown,6.58,(1.42),4.28,(2.53),6.06,(2.15),19
crucify,2.23,(1.72),6.47,(2.47),3.74,(2.48),2
crude,3.12,(1.65),5.07,(2.37),4.27,(1.94),15
cruel,1.97,(1.67),5.68,(2.65),4.24,(2.84),15
crushed,2.21,(1.74),5.52,(2.87),3.36,(2.69),10
crutch,3.43,(1.62),4.14,(2.05),3.91,(1.79),1
cuddle,7.72,(1.92),4.40,(2.67),5.85,(2.42),.
cuisine,6.64,(1.48),4.39,(1.99),5.41,(1.19),1
curious,6.08,(1.63),5.82,(1.64),5.42,(1.60),46
curtains,4.83,(0.83),3.67,(1.83),5.05,(1.56),8
custom,5.85,(1.53),4.66,(2.12),5.00,(1.87),14
cut,3.64,(2.08),5.00,(2.32),4.70,(1.98),192
cute,7.62,(1.01),5.53,(2.71),4.86,(2.32),5
cyclone,3.60,(2.38),6.36,(2.89),4.89,(2.56),.
dagger,3.38,(1.77),6.14,(2.64),4.52,(2.27),1
damage,3.05,(1.65),5.57,(2.26),3.88,(1.86),33
dancer,7.14,(1.56),6.00,(2.20),6.02,(1.93),31
danger,2.95,(2.22),7.32,(2.07),3.59,(2.31),70
dark,4.71,(2.36),4.28,(2.21),4.84,(2.15),185
dawn,6.16,(2.33),4.39,(2.81),5.16,(2.23),28
daylight,6.80,(2.17),4.77,(2.50),5.48,(2.14),15
dazzle,7.29,(1.09),6.33,(2.02),5.62,(1.81),1
dead,1.94,(1.76),5.73,(2.73),2.84,(2.32),174
death,1.61,(1.40),4.59,(3.07),3.47,(2.50),277
debt,2.22,(1.17),5.68,(2.74),3.02,(2.16),13
deceit,2.90,(1.63),5.68,(2.46),3.95,(2.12),2
decompose,3.20,(1.81),4.65,(2.39),4.02,(1.91),1
decorate,6.93,(1.30),5.14,(2.39),6.05,(1.86),2
defeated,2.34,(1.66),5.09,(3.00),3.11,(2.34),15
defiant,4.26,(2.12),6.10,(2.51),5.77,(2.40),3
deformed,2.41,(1.66),4.07,(2.34),3.95,(2.18),.
delayed,3.07,(1.74),5.62,(2.39),3.64,(1.94),25
delight,8.26,(1.04),5.44,(2.88),5.79,(2.24),29
demon,2.11,(1.56),6.76,(2.68),4.89,(2.89),9
dreadful,2.26,(1.91),5.84,(2.62),4.10,(2.36),10
dream,6.73,(1.75),4.53,(2.72),5.53,(1.98),64
dreary,3.05,(1.58),2.98,(2.18),3.81,(1.64),6
dress,6.41,(1.34),4.05,(1.89),5.00,(1.89),67
drown,1.92,(1.48),6.57,(2.33),2.86,(1.99),3
dummy,3.38,(1.70),4.35,(2.25),3.67,(2.02),3
dump,3.21,(1.87),4.12,(2.36),3.83,(1.87),4
dustpan,3.98,(1.68),3.43,(2.00),5.45,(1.81),.
earth,7.15,(1.67),4.24,(2.49),5.61,(2.30),150
easy,7.10,(1.91),4.48,(2.82),7.00,(1.63),125
easygoing,7.20,(1.50),4.30,(2.52),5.25,(1.75),1
eat,7.47,(1.73),5.69,(2.51),5.60,(2.12),61
ecstasy,7.98,(1.52),7.38,(1.92),6.68,(2.08),6
education,6.69,(1.77),5.74,(2.46),6.15,(2.35),214
egg,5.29,(1.82),3.76,(2.39),4.49,(2.16),12
elated,7.45,(1.77),6.21,(2.30),5.53,(2.35),3
elbow,5.12,(0.92),3.81,(2.14),4.88,(1.52),10
elegant,7.43,(1.26),4.53,(2.65),5.95,(2.09),14
elevator,5.44,(1.18),4.16,(1.99),4.32,(1.69),12
embarrassed,3.03,(1.85),5.87,(2.55),2.87,(1.99),8
embattled,4.39,(1.63),5.36,(2.37),4.81,(1.79),1
employment,6.47,(1.81),5.28,(2.12),5.73,(2.08),47
engaged,8.00,(1.38),6.77,(2.07),6.49,(2.22),47
engine,5.20,(1.18),3.98,(2.33),5.00,(1.77),50
enjoyment,7.80,(1.20),5.20,(2.72),6.46,(1.77),21
ennui,5.09,(1.76),4.40,(2.33),4.67,(1.80),.
enraged,2.46,(1.65),7.97,(2.17),6.33,(2.92),1
erotic,7.43,(1.53),7.24,(1.97),6.39,(2.16),8
errand,4.58,(1.74),3.85,(1.92),4.78,(1.51),7
event,6.21,(1.63),5.10,(2.40),5.52,(1.57),81
evil,3.23,(2.64),6.39,(2.44),5.25,(2.60),72
excellence,8.38,(0.96),5.54,(2.67),7.28,(2.32),15
excitement,7.50,(2.20),7.67,(1.91),6.18,(2.17),32
excuse,4.05,(1.41),4.48,(2.29),4.07,(2.10),27
execution,2.37,(2.06),5.71,(2.74),4.11,(2.66),15
exercise,7.13,(1.58),6.84,(2.06),5.68,(2.44),58
fabric,5.30,(1.20),4.14,(1.98),5.03,(1.61),15
face,6.39,(1.60),5.04,(2.18),5.67,(1.58),371
failure,1.70,(1.07),4.95,(2.81),2.40,(2.18),89
friend,7.74,(1.24),5.74,(2.57),6.74,(1.89),133
friendly,8.43,(1.08),5.11,(2.96),5.92,(2.42),61
frigid,3.50,(1.85),4.75,(2.56),4.27,(1.98),5
frog,5.71,(1.74),4.54,(2.03),5.34,(1.96),1
frustrated,2.48,(1.64),5.61,(2.76),3.50,(2.12),10
fun,8.37,(1.11),7.22,(2.01),6.80,(1.85),44
funeral,1.39,(0.87),4.94,(3.21),2.97,(2.55),33
fungus,3.06,(1.75),4.68,(2.33),4.06,(1.94),2
fur,4.51,(1.88),4.18,(2.44),4.32,(1.97),13
game,6.98,(1.97),5.89,(2.37),5.70,(1.65),123
gangrene,2.28,(1.91),5.70,(2.96),3.36,(2.34),.
garbage,2.98,(1.96),5.04,(2.50),4.24,(2.02),7
garden,6.71,(1.74),4.39,(2.35),6.02,(1.71),60
garment,6.07,(1.61),4.49,(2.50),5.30,(1.96),6
garter,6.22,(1.59),5.47,(2.15),5.82,(1.62),2
gender,5.73,(1.55),4.38,(2.13),5.60,(1.84),2
gentle,7.31,(1.30),3.21,(2.57),5.10,(2.16),27
germs,2.86,(1.39),4.49,(2.24),3.79,(1.59),1
gift,7.77,(2.24),6.14,(2.76),5.52,(2.54),33
girl,6.87,(1.64),4.29,(2.69),5.80,(2.16),220
glacier,5.50,(1.25),4.24,(2.29),4.92,(2.12),1
glamour,6.76,(1.60),4.68,(2.23),5.76,(2.49),5
glass,4.75,(1.38),4.27,(2.07),5.00,(1.46),99
gloom,1.88,(1.23),3.83,(2.33),3.55,(2.07),14
glory,7.55,(1.68),6.02,(2.71),6.85,(2.23),21
god,8.15,(1.27),5.95,(2.84),5.88,(2.89),318
gold,7.54,(1.63),5.76,(2.79),5.85,(2.46),52
golfer,5.61,(1.93),3.73,(2.26),5.55,(1.79),3
good,7.47,(1.45),5.43,(2.85),6.41,(2.05),807
gossip,3.48,(2.33),5.74,(2.38),3.57,(2.26),13
graduate,8.19,(1.13),7.25,(2.25),6.94,(2.44),30
grass,6.12,(1.44),4.14,(2.11),5.44,(1.36),53
grateful,7.37,(0.97),4.58,(2.14),6.18,(1.77),25
greed,3.51,(1.93),4.71,(2.26),4.88,(2.03),3
green,6.18,(2.05),4.28,(2.46),4.82,(2.05),116
greet,7.00,(1.52),5.27,(2.31),5.95,(2.07),7
grenade,3.60,(1.88),5.70,(2.52),4.29,(2.50),3
grief,1.69,(1.04),4.78,(2.84),3.50,(2.35),10
grime,3.37,(1.34),3.98,(2.29),4.47,(1.28),.
honest,7.70,(1.43),5.32,(1.92),6.24,(2.13),47
honey,6.73,(1.70),4.51,(2.25),5.44,(1.47),25
honor,7.66,(1.24),5.90,(1.83),6.70,(2.04),66
hooker,3.34,(2.31),4.93,(2.82),4.73,(2.48),.
hope,7.05,(1.96),5.44,(2.47),5.52,(2.20),178
hopeful,7.10,(1.46),5.78,(2.09),5.41,(1.92),12
horror,2.76,(2.25),7.21,(2.14),4.63,(2.70),17
horse,5.89,(1.55),3.89,(2.17),4.67,(1.60),117
hospital,5.04,(2.45),5.98,(2.54),4.69,(2.16),110
hostage,2.20,(1.80),6.76,(2.63),2.83,(2.32),2
hostile,2.73,(1.50),6.44,(2.28),4.85,(2.58),19
hotel,6.00,(1.77),4.80,(2.53),5.12,(1.84),126
house,7.26,(1.72),4.56,(2.41),6.08,(2.12),591
hug,8.00,(1.55),5.35,(2.76),5.79,(2.41),3
humane,6.89,(1.70),4.50,(1.91),5.70,(1.91),5
humble,5.86,(1.42),3.74,(2.33),4.76,(2.25),18
humiliate,2.24,(1.34),6.14,(2.42),2.60,(1.94),.
humor,8.56,(0.81),5.50,(2.91),6.08,(2.14),47
hungry,3.58,(2.01),5.13,(2.44),4.68,(2.05),23
hurricane,3.34,(2.12),6.83,(2.06),3.07,(2.18),8
hurt,1.90,(1.26),5.85,(2.49),3.33,(2.22),37
hydrant,5.02,(0.93),3.71,(1.75),5.53,(1.30),.
icebox,4.95,(1.00),4.17,(2.11),5.05,(1.05),3
idea,7.00,(1.34),5.86,(1.81),6.26,(2.00),195
identity,6.57,(1.99),4.95,(2.24),6.40,(1.89),55
idiot,3.16,(1.91),4.21,(2.47),3.18,(2.13),2
idol,6.12,(1.86),4.95,(2.14),5.37,(2.17),7
ignorance,3.07,(2.25),4.39,(2.49),4.41,(2.38),16
illness,2.48,(1.40),4.71,(2.24),3.21,(1.85),20
imagine,7.32,(1.52),5.98,(2.14),7.07,(1.99),61
immature,3.39,(1.70),4.15,(1.96),4.85,(2.20),7
immoral,3.50,(2.16),4.98,(2.48),4.66,(2.33),5
impair,3.18,(1.86),4.04,(2.14),4.09,(2.18),4
impotent,2.81,(1.92),4.57,(2.59),3.43,(2.43),2
impressed,7.33,(1.84),5.42,(2.65),5.51,(2.21),30
improve,7.65,(1.16),5.69,(2.15),6.08,(2.25),39
incentive,7.00,(1.72),5.69,(2.45),5.93,(2.02),12
indifferent,4.61,(1.28),3.18,(1.85),4.84,(1.67),11
industry,5.30,(1.61),4.47,(2.43),4.91,(2.04),171
kettle,5.22,(0.91),3.22,(2.23),5.00,(1.40),3
key,5.68,(1.62),3.70,(2.18),4.98,(2.04),88
kick,4.31,(2.18),4.90,(2.35),5.50,(1.93),16
kids,6.91,(1.99),5.27,(2.36),5.07,(2.03),32
killer,1.89,(1.39),7.86,(1.89),4.54,(3.11),21
kind,7.59,(1.67),4.46,(2.55),5.95,(1.93),313
kindness,7.82,(1.39),4.30,(2.62),5.67,(2.63),5
king,7.26,(1.67),5.51,(2.77),7.38,(2.10),88
kiss,8.26,(1.54),7.32,(2.03),6.93,(2.28),17
kitten,6.86,(2.13),5.08,(2.45),6.86,(2.01),5
knife,3.62,(2.18),5.80,(2.00),4.12,(2.18),76
knot,4.64,(1.36),4.07,(2.15),4.67,(1.65),8
knowledge,7.58,(1.32),5.92,(2.32),6.78,(2.41),145
lake,6.82,(1.54),3.95,(2.44),4.90,(2.10),54
lamb,5.89,(1.73),3.36,(2.18),4.91,(1.96),7
lamp,5.41,(1.00),3.80,(2.12),5.27,(1.61),18
lantern,5.57,(1.19),4.05,(2.28),5.07,(1.82),13
laughter,8.45,(1.08),6.75,(2.50),6.45,(2.45),22
lavish,6.21,(2.03),4.93,(2.40),5.64,(1.61),3
lawn,5.24,(0.86),4.00,(1.79),5.37,(1.11),15
lawsuit,3.37,(2.00),4.93,(2.44),3.92,(2.02),1
lazy,4.38,(2.02),2.65,(2.06),4.07,(1.93),9
leader,7.63,(1.59),6.27,(2.18),7.88,(1.60),74
learn,7.15,(1.49),5.39,(2.22),6.34,(2.17),84
legend,6.39,(1.34),4.88,(1.76),5.54,(1.64),26
leisurely,6.88,(1.81),3.80,(2.38),5.15,(1.90),5
leprosy,2.09,(1.40),6.29,(2.23),4.00,(2.30),1
lesbian,4.67,(2.45),5.12,(2.27),5.35,(2.20),.
letter,6.61,(1.59),4.90,(2.37),5.73,(1.48),145
liberty,7.98,(1.22),5.60,(2.65),6.29,(2.44),46
lice,2.31,(1.78),5.00,(2.26),3.95,(2.29),2
lie,2.79,(1.92),5.96,(2.63),3.30,(2.42),59
life,7.27,(1.88),6.02,(2.62),5.72,(2.51),715
lightbulb,5.61,(1.28),4.10,(2.02),5.82,(1.56),.
lighthouse,5.89,(2.08),4.41,(2.44),5.25,(2.02),.
lightning,4.57,(2.66),6.61,(1.77),3.67,(2.19),14
limber,5.68,(1.49),4.57,(2.26),5.34,(1.84),2
lion,5.57,(1.99),6.20,(2.16),4.12,(2.33),17
listless,4.12,(1.73),4.10,(2.31),4.14,(1.73),1
memories,7.48,(1.61),6.10,(2.10),5.88,(1.92),15
memory,6.62,(1.50),5.42,(2.25),5.11,(2.12),76
menace,2.88,(1.64),5.52,(2.45),4.98,(2.25),9
merry,7.90,(1.49),5.90,(2.42),6.64,(1.66),8
messy,3.15,(1.73),3.34,(2.37),4.75,(2.15),3
metal,4.95,(1.17),3.79,(1.96),5.38,(1.40),61
method,5.56,(1.76),3.85,(2.58),5.67,(1.58),142
mighty,6.54,(2.19),5.61,(2.38),7.23,(2.11),29
mildew,3.17,(1.36),4.08,(1.79),4.40,(1.79),1
milk,5.95,(2.16),3.68,(2.57),5.83,(1.50),49
millionaire,8.03,(1.42),6.14,(2.70),6.97,(2.40),2
mind,6.68,(1.84),5.00,(2.68),6.37,(2.19),325
miracle,8.60,(0.71),7.65,(1.67),5.35,(2.58),16
mischief,5.57,(2.05),5.76,(1.95),5.56,(1.88),5
misery,1.93,(1.60),5.17,(2.69),2.55,(1.45),15
mistake,2.86,(1.79),5.18,(2.42),3.86,(2.42),34
mobility,6.83,(1.79),5.00,(2.18),6.43,(1.48),8
modest,5.76,(1.28),3.98,(2.24),4.96,(2.16),29
mold,3.55,(1.70),4.07,(1.98),4.33,(1.83),45
moment,5.76,(1.65),3.83,(2.29),4.81,(1.92),246
money,7.59,(1.40),5.70,(2.66),6.25,(2.33),265
month,5.15,(1.09),4.03,(1.77),4.85,(1.14),130
moody,3.20,(1.58),4.18,(2.38),4.39,(1.71),5
moral,6.20,(1.85),4.49,(2.28),5.90,(2.20),142
morbid,2.87,(2.14),5.06,(2.68),4.34,(2.50),1
morgue,1.92,(1.32),4.84,(2.96),3.61,(1.94),1
mosquito,2.80,(1.91),4.78,(2.72),4.51,(2.15),1
mother,8.39,(1.15),6.13,(2.71),5.74,(2.37),216
mountain,6.59,(1.66),5.49,(2.43),5.46,(2.36),33
movie,6.86,(1.81),4.93,(2.54),5.00,(1.79),29
mucus,3.34,(2.29),3.41,(2.17),4.80,(1.83),2
muddy,4.44,(2.07),4.13,(2.13),4.73,(1.77),10
muffin,6.57,(2.04),4.76,(2.42),5.51,(1.63),.
murderer,1.53,(0.96),7.47,(2.18),3.77,(3.06),19
muscular,6.82,(1.63),5.47,(2.20),6.58,(2.28),16
museum,5.54,(1.86),3.60,(2.13),5.32,(1.68),32
mushroom,5.78,(2.22),4.72,(2.33),5.52,(2.10),2
music,8.13,(1.09),5.32,(3.19),6.39,(2.44),216
mutation,3.91,(2.44),4.84,(2.52),4.07,(2.10),.
orchestra,6.02,(1.89),3.52,(2.29),5.17,(2.14),60
orgasm,8.32,(1.31),8.10,(1.45),6.83,(2.18),7
outdoors,7.47,(1.80),5.92,(2.55),6.27,(2.24),6
outrage,3.52,(2.12),6.83,(2.26),5.26,(2.72),4
outstanding,7.75,(1.75),6.24,(2.59),6.40,(2.29),37
overcast,3.65,(1.61),3.46,(1.92),4.20,(1.79),9
overwhelmed,4.19,(2.61),7.00,(2.37),3.89,(2.58),4
owl,5.80,(1.31),3.98,(1.87),5.82,(1.62),2
pain,2.13,(1.81),6.50,(2.49),3.71,(2.53),88
paint,5.62,(1.72),4.10,(2.36),5.75,(1.71),37
palace,7.19,(1.78),5.10,(2.75),5.69,(2.17),38
pamphlet,4.79,(1.05),3.62,(2.02),4.63,(1.48),3
pancakes,6.08,(1.83),4.06,(2.13),5.76,(1.61),.
panic,3.12,(1.84),7.02,(2.02),3.20,(1.67),22
paper,5.20,(1.21),2.50,(1.85),4.47,(1.67),157
paradise,8.72,(0.60),5.12,(3.38),6.03,(2.79),12
paralysis,1.98,(1.44),4.73,(2.83),2.56,(1.82),6
part,5.11,(1.78),3.82,(2.24),4.75,(1.59),500
party,7.86,(1.83),6.69,(2.84),5.83,(2.46),216
passage,5.28,(1.44),4.36,(2.13),5.02,(1.62),49
passion,8.03,(1.27),7.26,(2.57),6.13,(2.24),28
pasta,6.69,(1.64),4.94,(2.04),5.80,(1.47),.
patent,5.29,(1.08),3.50,(1.84),4.90,(1.79),35
patient,5.29,(1.89),4.21,(2.37),4.90,(2.31),86
patriot,6.71,(1.69),5.17,(2.53),5.90,(1.54),10
peace,7.72,(1.75),2.95,(2.55),5.45,(2.84),198
penalty,2.83,(1.56),5.10,(2.31),3.95,(1.97),14
pencil,5.22,(0.68),3.14,(1.90),4.78,(1.73),34
penis,5.90,(1.72),5.54,(2.63),5.92,(2.54),.
penthouse,6.81,(1.64),5.52,(2.49),6.52,(1.82),1
people,7.33,(1.70),5.94,(2.09),6.14,(2.02),847
perfection,7.25,(2.05),5.95,(2.73),6.71,(2.26),11
perfume,6.76,(1.48),5.05,(2.36),5.93,(1.69),10
person,6.32,(1.74),4.19,(2.45),5.35,(2.02),175
pervert,2.79,(2.12),6.26,(2.61),4.72,(2.83),1
pest,3.13,(1.82),5.62,(2.15),5.29,(2.13),4
pet,6.79,(2.32),5.10,(2.59),5.85,(2.28),8
phase,5.17,(0.79),3.98,(1.82),4.65,(1.72),72
pie,6.41,(1.89),4.20,(2.40),5.35,(1.78),14
quality,6.25,(1.59),4.48,(2.12),5.64,(1.59),114
quarrel,2.93,(2.06),6.29,(2.56),4.02,(2.16),20
quart,5.39,(2.01),3.59,(2.51),5.20,(1.86),3
queen,6.44,(1.43),4.76,(2.18),5.49,(2.12),41
quick,6.64,(1.61),6.57,(1.78),6.57,(1.91),68
quiet,5.58,(1.83),2.82,(2.13),4.42,(2.30),76
rabbit,6.57,(1.92),4.02,(2.19),6.08,(1.72),11
rabies,1.77,(0.97),6.10,(2.62),3.85,(2.34),1
radiant,6.73,(2.17),5.39,(2.82),5.61,(2.17),8
radiator,4.67,(1.05),4.02,(1.94),4.81,(1.38),4
radio,6.73,(1.47),4.78,(2.82),5.28,(1.85),120
rage,2.41,(1.86),8.17,(1.40),5.68,(3.01),16
rain,5.08,(2.51),3.65,(2.35),4.78,(1.68),70
rainbow,8.14,(1.23),4.64,(2.88),4.72,(2.37),4
rancid,4.34,(2.28),5.04,(2.27),4.59,(1.86),.
rape,1.25,(0.91),6.81,(3.17),2.97,(2.94),5
rat,3.02,(1.66),4.95,(2.36),4.55,(2.14),6
rattle,5.03,(1.23),4.36,(2.18),4.17,(1.56),5
razor,4.81,(2.16),5.36,(2.44),4.91,(1.95),15
red,6.41,(1.61),5.29,(2.04),5.78,(1.59),197
refreshment,7.44,(1.29),4.45,(2.70),5.00,(1.92),2
regretful,2.28,(1.42),5.74,(2.32),3.43,(2.52),1
rejected,1.50,(1.09),6.37,(2.56),2.72,(2.58),33
relaxed,7.00,(1.77),2.39,(2.13),5.55,(1.90),14
repentant,5.53,(1.86),4.69,(1.98),5.42,(2.06),1
reptile,4.77,(2.00),5.18,(2.19),4.77,(2.02),.
rescue,7.70,(1.24),6.53,(2.56),6.45,(2.29),15
resent,3.76,(1.90),4.47,(2.12),4.46,(2.09),8
reserved,4.88,(1.83),3.27,(2.05),4.30,(1.93),27
respect,7.64,(1.29),5.19,(2.39),6.89,(2.11),125
respectful,7.22,(1.27),4.60,(2.67),5.67,(2.38),4
restaurant,6.76,(1.85),5.41,(2.55),5.73,(1.41),41
reunion,6.48,(2.45),6.34,(2.35),5.64,(1.95),11
reverent,5.35,(1.21),4.00,(1.60),4.67,(1.68),3
revolt,4.13,(1.78),6.56,(2.34),6.18,(2.11),8
revolver,4.02,(2.44),5.55,(2.39),4.39,(2.47),14
reward,7.53,(1.67),4.95,(2.62),6.00,(2.14),15
riches,7.70,(1.95),6.17,(2.70),6.74,(2.43),2
ridicule,3.13,(2.24),5.83,(2.73),3.87,(2.70),5
seat,4.95,(0.98),2.95,(1.72),4.84,(1.88),54
secure,7.57,(1.76),3.14,(2.47),5.93,(2.57),30
selfish,2.42,(1.62),5.50,(2.62),4.64,(2.31),8
sentiment,5.98,(1.71),4.41,(2.30),5.09,(1.46),23
serious,5.08,(1.59),4.00,(1.87),5.12,(1.65),116
severe,3.20,(1.74),5.26,(2.36),3.83,(1.91),39
sex,8.05,(1.53),7.36,(1.91),5.75,(2.25),84
sexy,8.02,(1.12),7.36,(1.91),6.82,(2.13),2
shadow,4.35,(1.23),4.30,(2.26),4.19,(1.82),36
shamed,2.50,(1.34),4.88,(2.27),2.98,(1.94),1
shark,3.65,(2.47),7.16,(1.96),2.63,(2.16),.
sheltered,5.75,(1.92),4.28,(1.77),3.76,(1.91),4
ship,5.55,(1.40),4.38,(2.29),5.12,(2.31),83
shotgun,4.37,(2.75),6.27,(1.94),5.29,(2.67),8
shriek,3.93,(2.22),5.36,(2.91),4.30,(1.86),5
shy,4.64,(1.83),3.77,(2.29),3.44,(1.96),13
sick,1.90,(1.14),4.29,(2.45),3.04,(1.65),51
sickness,2.25,(1.71),5.61,(2.67),3.84,(2.50),6
silk,6.90,(1.27),3.71,(2.51),4.81,(1.93),12
silly,7.41,(1.80),5.88,(2.38),6.00,(2.09),15
sin,2.80,(1.67),5.78,(2.21),3.62,(2.29),53
sinful,2.93,(2.15),6.29,(2.43),4.24,(2.73),3
sissy,3.14,(1.96),5.17,(2.57),3.58,(2.74),.
skeptical,4.52,(1.63),4.91,(1.92),4.50,(1.61),7
skijump,7.06,(1.73),7.06,(2.10),4.90,(2.32),.
skull,4.27,(1.83),4.75,(1.85),4.86,(1.62),3
sky,7.37,(1.40),4.27,(2.17),5.16,(2.00),58
skyscraper,5.88,(1.87),5.71,(2.17),4.33,(2.36),2
slap,2.95,(1.79),6.46,(2.58),4.21,(2.29),2
slaughter,1.64,(1.18),6.77,(2.42),3.82,(2.75),10
slave,1.84,(1.13),6.21,(2.93),3.29,(2.76),30
sleep,7.20,(1.77),2.80,(2.66),5.41,(2.41),65
slime,2.68,(1.66),5.36,(2.63),4.17,(1.82),1
slow,3.93,(1.60),3.39,(2.22),4.35,(1.61),60
slum,2.39,(1.25),4.78,(2.52),3.83,(2.18),8
slush,4.66,(1.88),3.73,(2.23),4.91,(1.48),.
smallpox,2.52,(2.08),5.58,(2.13),4.29,(2.17),2
smooth,6.58,(1.78),4.91,(2.57),5.09,(2.09),42
snake,3.31,(2.20),6.82,(2.10),3.78,(2.05),44
sun,7.55,(1.85),5.04,(2.66),6.16,(2.09),112
sunlight,7.76,(1.43),6.10,(2.30),5.63,(2.15),17
sunrise,7.86,(1.35),5.06,(3.05),5.29,(2.41),10
sunset,7.68,(1.72),4.20,(2.99),5.66,(2.08),14
surgery,2.86,(2.19),6.35,(2.32),2.75,(1.86),6
surprised,7.47,(1.56),7.47,(2.09),6.11,(2.19),58
suspicious,3.76,(1.42),6.25,(1.59),4.47,(1.99),13
swamp,5.14,(2.24),4.86,(2.36),5.29,(1.63),5
sweetheart,8.42,(0.83),5.50,(2.73),6.03,(2.24),9
swift,6.46,(1.76),5.39,(2.53),6.29,(1.85),32
swimmer,6.54,(1.64),4.82,(2.49),5.96,(1.91),.
syphilis,1.68,(1.23),5.69,(3.25),3.33,(2.67),.
table,5.22,(0.72),2.92,(2.16),4.47,(1.66),198
talent,7.56,(1.25),6.27,(1.80),6.49,(1.75),40
tamper,4.10,(1.88),4.95,(2.01),4.58,(2.10),1
tank,5.16,(1.87),4.88,(1.86),4.78,(1.93),12
taste,6.66,(1.57),5.22,(2.38),5.50,(1.65),59
taxi,5.00,(1.96),3.41,(2.14),4.64,(1.83),16
teacher,5.68,(2.12),4.05,(2.61),5.11,(2.20),80
tease,4.84,(2.51),5.87,(2.56),4.67,(2.37),6
tender,6.93,(1.28),4.88,(2.30),5.33,(1.75),11
tennis,6.02,(1.97),4.61,(2.60),5.61,(2.12),15
tense,3.56,(1.36),6.53,(2.10),5.22,(2.02),15
termite,3.58,(2.08),5.39,(2.43),3.87,(1.87),.
terrible,1.93,(1.44),6.27,(2.44),3.58,(2.34),45
terrific,8.16,(1.12),6.23,(2.73),6.60,(2.15),5
terrified,1.72,(1.14),7.86,(2.27),3.08,(2.75),7
terrorist,1.69,(1.42),7.27,(2.38),2.65,(2.30),.
thankful,6.89,(2.29),4.34,(2.31),5.32,(2.00),6
theory,5.30,(1.49),4.62,(1.94),4.88,(1.81),129
thermometer,4.73,(1.05),3.79,(2.02),4.39,(1.51),.
thief,2.13,(1.69),6.89,(2.13),3.79,(2.55),8
thorn,3.64,(1.76),5.14,(2.14),4.45,(1.50),3
thought,6.39,(1.58),4.83,(2.46),6.02,(1.70),515
thoughtful,7.65,(1.03),5.72,(2.30),5.61,(2.11),11
thrill,8.05,(1.48),8.02,(1.65),6.54,(2.30),5
tidy,6.30,(1.56),3.98,(2.22),5.49,(1.93),1
time,5.31,(2.02),4.64,(2.75),4.63,(2.24),1599
timid,3.86,(1.55),4.11,(2.09),3.09,(1.91),5
useful,7.14,(1.60),4.26,(2.47),5.93,(2.10),58
useless,2.13,(1.42),4.87,(2.58),3.92,(2.62),17
utensil,5.14,(1.39),3.57,(1.98),5.40,(1.47),.
vacation,8.16,(1.36),5.64,(2.99),6.80,(2.08),47
vagina,6.14,(1.77),5.55,(2.55),5.88,(1.74),10
valentine,8.11,(1.35),6.06,(2.91),5.81,(2.45),2
vampire,4.26,(1.86),6.37,(2.35),5.05,(2.27),1
vandal,2.71,(1.91),6.40,(1.88),3.91,(2.49),1
vanity,4.30,(1.91),4.98,(2.31),4.80,(2.03),7
vehicle,6.27,(2.34),4.63,(2.81),5.77,(2.61),35
venom,2.68,(1.81),6.08,(2.44),3.94,(2.23),2
vest,5.25,(1.33),3.95,(2.09),5.09,(1.24),4
victim,2.18,(1.48),6.06,(2.32),2.69,(2.04),27
victory,8.32,(1.16),6.63,(2.84),7.26,(2.14),61
vigorous,6.79,(1.54),5.90,(2.66),5.41,(2.22),29
village,5.92,(1.34),4.08,(1.87),4.94,(1.74),72
violent,2.29,(1.78),6.89,(2.47),5.16,(2.86),33
violin,5.43,(1.98),3.49,(2.26),5.18,(2.01),11
virgin,6.45,(1.76),5.51,(2.06),6.24,(2.48),35
virtue,6.22,(2.06),4.52,(2.52),6.13,(2.09),30
vision,6.62,(1.84),4.66,(2.43),6.02,(1.96),56
volcano,4.84,(2.14),6.33,(2.21),3.25,(1.97),2
vomit,2.06,(1.57),5.75,(2.84),3.58,(2.45),3
voyage,6.25,(1.91),5.55,(2.23),5.18,(1.98),17
wagon,5.37,(0.97),3.98,(2.04),5.05,(1.20),55
war,2.08,(1.91),7.49,(2.16),4.50,(3.00),464
warmth,7.41,(1.81),3.73,(2.40),5.61,(1.67),28
wasp,3.37,(1.63),5.50,(2.17),3.76,(1.82),2
waste,2.93,(1.76),4.14,(2.30),4.72,(1.94),35
watch,5.78,(1.51),4.10,(2.12),5.37,(1.75),81
water,6.61,(1.78),4.97,(2.49),5.08,(1.99),442
waterfall,7.88,(1.03),5.37,(2.84),5.20,(2.18),2
wealthy,7.70,(1.34),5.80,(2.73),6.77,(2.57),12
weapon,3.97,(1.92),6.03,(1.89),5.19,(2.61),42
weary,3.79,(2.12),3.81,(2.29),4.00,(1.91),17
wedding,7.82,(1.56),5.97,(2.85),6.68,(2.08),32
whistle,5.81,(1.21),4.69,(1.99),5.27,(1.87),4
white,6.47,(1.59),4.37,(2.14),5.98,(1.73),365
whore,2.30,(2.11),5.85,(2.93),4.61,(2.73),2
world,6.50,(2.03),5.32,(2.39),5.26,(2.47),787
wounds,2.51,(1.58),5.82,(2.01),3.92,(1.57),8
writer,5.52,(1.90),4.33,(2.45),4.73,(1.84),73
yacht,6.95,(1.79),5.61,(2.72),6.10,(2.13),4
yellow,5.61,(1.94),4.43,(2.05),5.47,(1.58),55
young,6.89,(2.12),5.64,(2.51),5.30,(2.49),385
youth,6.75,(2.29),5.67,(2.52),5.11,(2.55),82
zest,6.79,(2.04),5.59,(2.66),6.00,(1.99),5
